{
  "hash": "b326e7b1",
  "browserHash": "67ec7f2e",
  "optimized": {
    "react": {
      "src": "../../node_modules/react/index.js",
      "file": "react.js",
      "fileHash": "e619a544",
      "needsInterop": true
    },
    "react-dom/client": {
      "src": "../../node_modules/react-dom/client.js",
      "file": "react-dom_client.js",
      "fileHash": "f672450c",
      "needsInterop": true
    }
  },
  "chunks": {
    "chunk-V42YN7MM": {
      "file": "chunk-V42YN7MM.js"
    }
  }
}